{
  "view/ProductionWarehouseComplaints.view.xml": 1750925985263,
  "controller/ProductionWarehouseComplaints.controller.js": 1751528306030,
  "model/form.json": 1751525929473,
  "model/models.js": 1750763324109,
  "controller/BaseController.js": 1751521758134,
  "controller/App.controller.js": 1750763324113,
  "manifest.json": 1751525528750,
  "Component.js": 1750763324105,
  "controller/ProductionWarehouseComplaints-dbg.controller.js": 1751528306030,
  "controller/ProductionWarehouseComplaints.controller.js.map": 1751629073017,
  "model/models-dbg.js": 1750763324109,
  "model/models.js.map": 1751629073009,
  "controller/BaseController-dbg.js": 1751521758134,
  "controller/BaseController.js.map": 1751629073012,
  "controller/App-dbg.controller.js": 1750763324113,
  "controller/App.controller.js.map": 1751629073009,
  "Component-dbg.js": 1750763324105,
  "Component.js.map": 1751629073012,
  "Component-preload.js": 1751629073089,
  "Component-preload.js.map": 1751629073089,
  "view/fragments/NewComplaintDialog.fragment.xml": 1751527803921,
  "i18n/i18n.properties": 1750924220646,
  "view/App.view.xml": 1750763324113,
  "css/style.css": 1750763324113,
  "index.html": 1750763324105
}