{
  "controller/App.controller.js.map": 1752848882051,
  "controller/ProductionWarehouseDetails.controller.js": 1752848658023,
  "model/details.json": 1752760090486,
  "model/models.js": 1750763324109,
  "controller/ProductionWarehouseComplaints.controller.js": 1752843692158,
  "controller/BaseController.js": 1752668182325,
  "controller/App.controller.js": 1750763324113,
  "manifest.json": 1752771547386,
  "Component.js": 1750763324105,
  "controller/ProductionWarehouseDetails-dbg.controller.js": 1752848658023,
  "controller/ProductionWarehouseDetails.controller.js.map": 1752848882071,
  "model/models-dbg.js": 1750763324109,
  "model/models.js.map": 1752848882049,
  "controller/ProductionWarehouseComplaints-dbg.controller.js": 1752843692158,
  "controller/ProductionWarehouseComplaints.controller.js.map": 1752848882055,
  "controller/BaseController-dbg.js": 1752668182325,
  "controller/BaseController.js.map": 1752848882054,
  "controller/App-dbg.controller.js": 1750763324113,
  "i18n/i18n.properties": 1752847886501,
  "Component-dbg.js": 1750763324105,
  "Component.js.map": 1752848882053,
  "Component-preload.js": 1752848882162,
  "Component-preload.js.map": 1752848882162,
  "view/fragments/UploadDialog.fragment.xml": 1752067528195,
  "view/fragments/ItemsDialog.fragment.xml": 1752729212006,
  "view/ProductionWarehouseDetails.view.xml": 1752848349630,
  "view/ProductionWarehouseComplaints.view.xml": 1752848473319,
  "view/App.view.xml": 1750763324113,
  "css/style.css": 1750763324113,
  "index.html": 1750763324105
}