{
  "controller/BaseController.js": 1750834237390,
  "Component.js": 1750763324105,
  "controller/ProductionWarehouseComplaints.controller.js": 1750930432627,
  "i18n/i18n.properties": 1750924220646,
  "controller/App.controller.js": 1750763324113,
  "manifest.json": 1750924220646,
  "model/models.js": 1750763324109,
  "model/models-dbg.js": 1750763324109,
  "model/models.js.map": 1750930983722,
  "controller/ProductionWarehouseComplaints-dbg.controller.js": 1750930432627,
  "controller/ProductionWarehouseComplaints.controller.js.map": 1750930983729,
  "controller/BaseController-dbg.js": 1750834237390,
  "controller/BaseController.js.map": 1750930983725,
  "controller/App-dbg.controller.js": 1750763324113,
  "controller/App.controller.js.map": 1750930983722,
  "Component-dbg.js": 1750763324105,
  "Component.js.map": 1750930983724,
  "Component-preload.js": 1750930983802,
  "Component-preload.js.map": 1750930983802,
  "view/fragments/NewComplaintDialog.fragment.xml": 1750930890124,
  "view/ProductionWarehouseComplaints.view.xml": 1750925985263,
  "view/App.view.xml": 1750763324113,
  "css/style.css": 1750763324113,
  "index.html": 1750763324105
}